name;1981;1982;1983;1984;1985;1986;1987;1988;1989;1990;1991;1992;1993;1994;1995;1996;1997;1998;1999;2000;2001;2002;2003;2004;2005;2006;2007;2008;2009;2010;2011;2012;2013;2014;2015;2016;2017;2018;2019;2020;2021;2022
Balé;845,12;777,85;642,2;740,98;805,2;844,29;833,54;915,64;817,09;727,34;906,25;804,45;817,31;1079,71;741,32;929,3;901,94;895,17;1028,22;769,18;846,71;736,79;989,31;702,99;775,67;921,84;843,78;891,37;939,7;1052,34;782,36;1029,04;917,02;965,46;1028,75;939,68;805,23;1030,21;1086,1;979,57;996,28;1109,43
Bam;580,88;465,77;508,84;371,26;451,94;519,61;468,2;655,71;520,64;450,31;619,38;574,66;501,01;760,36;516,49;545,95;556,26;661,5;620,73;516,83;583,98;531,77;699,25;491,42;607,27;526,59;568,89;619,72;701,8;680,59;607,91;769,19;542,5;615,43;635,96;691,13;650,54;681,53;651,17;681,78;540,96;682,75
Banwa;749,94;746,15;698,1;631,94;756,07;788,29;715,32;888,01;752,82;738,08;760,28;829,85;737,94;1061,94;728,21;774,62;774,72;878,82;935,35;726,77;814,15;666,87;962,52;675,12;714,05;912,1;860,54;794,93;863,92;1080,16;720,17;999,2;796,42;814,6;1094,12;814,49;745,35;975,92;1004,34;962,08;870,66;939,46
Bazéga;765,92;735,92;661,66;648,26;712,12;794,87;710,33;766,41;838,97;637,86;852,28;786,84;756,74;1078,71;838,43;796,74;718,47;868,14;872,92;672,63;739,18;715,12;810,8;754,91;820,89;684,41;806,43;800,22;974,67;921,85;772,46;965,45;805,15;882,86;901,83;937,21;783,09;869,11;937,21;921,9;917,11;951,28
Bougouriba;923,04;938,83;737,56;869,3;1037,25;1054,63;1026,27;928,93;995,78;957;1021,62;858,87;886,61;1044,81;1045,65;1022,14;980,26;981,79;1216,82;996,22;945,42;911,62;1130,21;896,97;861,57;1066,71;894,13;999,4;996,31;1129,5;914,06;1112,44;1009,29;1123,07;1219,65;1084,83;858,78;1167;1223,18;1101,49;1208,92;1183,57
Boulgou;852,92;832,19;733,15;638,16;767,2;779,55;782,81;859,34;976,07;682,35;936,26;857,89;776,9;1083,37;829,69;863,87;733,49;946,53;904,78;720,83;725,27;673,64;959,37;839,56;872,31;801,67;916,34;860,98;959,6;1015,15;869,56;939,08;817,58;792,51;960,2;925,75;790,1;908,09;1065,68;985,59;930,99;904,85
Boulkiemdé;725,62;631,14;654,47;605,52;656,7;764,38;673,83;771,4;734,44;633,41;803,39;777,99;703,03;1014,44;781,47;725,48;687,39;751,45;898,22;668,73;705,85;654,26;892,07;665,3;761,85;656,9;734,15;738,09;963,14;814,73;693,24;949,93;780,46;812,26;814,34;900,82;794,62;823,71;866,88;847,77;875,95;959,58
Ganzourgou;745,69;638,25;646,28;558,2;652,13;692,64;658,67;741,14;815,44;593,21;713,93;753,37;706,37;1026,78;733,68;694,31;546,62;789,61;785,73;570,73;621,5;665,43;770,21;662,78;790,49;630,17;704,51;762,83;885,36;853,53;716,1;850,91;730,45;789,68;822,13;866,16;687,75;760,65;866,4;865,68;836,76;881,26
Gnagna;626,06;568,75;502,85;493,47;517,54;531;548;685,55;606,02;528,2;641,29;614,49;560,98;797,38;665,27;630,51;540,68;737,37;705,51;549,53;614,48;642,88;781,42;574,52;743,14;589,09;631,69;698,1;654,85;654,52;599,45;695,16;660,31;657,21;736,33;717,29;627,68;654,02;740,98;833,08;717,3;694,97
Gourma;777,59;698,65;632,03;600,8;660,01;695,5;655,95;814,77;827,64;671,68;822,97;785;769,54;1030,56;759,32;770,63;658,03;883,75;905,32;734,63;742,6;697,96;866,47;812,92;880,05;738,91;799,6;838,04;847,03;807;783,76;803,94;784,93;756,01;840,16;828,64;794,58;753,14;952,23;933,46;889,14;886,16
Houet;923,75;920,39;766,73;813,5;1068,06;934,38;909,15;966,51;891,71;942,07;1028,35;929,89;893,08;1108,13;980,9;919,88;950,66;982,89;1116,22;1016,38;875,43;821,3;1112,07;777,73;803,99;1071,41;935,33;1023,6;997,84;1171,16;839,96;1070,48;1008,55;1097,79;1204,52;1045,46;806,66;1154,53;1175,95;1114,49;1105,85;1136,57
Ioba;910,21;948,66;677,46;837,65;924,9;1014,03;941,2;845,05;950,92;833,19;932,89;777,01;858,88;1036,56;930,26;968,95;973,43;943,52;1158,89;883,57;905,39;859,06;1063,18;890,4;846,79;969,89;865,93;978,23;931,44;1075,29;855,22;1053,13;939,13;1039;1084,72;1017,92;774,32;1083,34;1111,08;1057,36;1129,52;1148,73
Kadiogo;718,02;654,92;643,77;571,75;674;752,77;659,65;731,86;745,3;635,56;770,5;738,44;674,01;933,84;741,32;713,24;652,83;803,96;825,25;621,54;684,03;684,81;794,96;711,38;814,64;634,9;715,57;750,89;899,36;841,39;711,38;940,31;765,35;817,62;850,86;898,77;758,15;831,4;858,44;890,08;859,12;904,89
Kénédougou;925,66;964,11;790,69;806,1;1005,61;1013,21;933,87;982,33;902,56;943,13;1139,54;958,61;990,21;1142,85;1016,3;936,18;1023,35;1020,66;1147,33;1048,58;906,92;935,99;1102,78;835,45;857,58;1087,15;1018,95;1010,96;1024,41;1247,84;892;1081,03;1021,11;1129,77;1220,69;1049,04;854,7;1223,2;1152,92;1125,25;1115,34;1121,93
Komoé;1013,3;975,55;779,42;923,36;1150,88;1126,93;1039,59;1089,39;1083,51;1033,58;1045,15;838,85;992,29;1195,68;1140,38;967,64;1076,24;996,27;1175,04;1111,86;964,29;991,7;1198,25;964,23;870,14;1101,45;970,59;1109,26;982,07;1140,49;986,17;1019,63;1031,78;1137,13;1089,48;1088,32;828,53;1245,18;1174,75;1086,76;1207,64;1134,64
Komondjari;639,57;529,19;526,21;507,7;544,16;598,78;581,56;738,54;679,15;573,73;637,54;668,89;672,92;885,9;633,31;640,04;536,46;730,51;772,93;616,7;642,7;645,45;760,79;637,33;784,43;603,36;662,92;719,56;672,18;693,09;631,49;709,59;705,79;675,18;767,25;726,73;699,35;656,87;747,75;837,39;730,35;776,82
Kompienga;880,24;811,27;681,1;671,99;743,12;756,57;796,51;908,75;855,53;731,45;1004,95;814,75;798,82;1134,38;883,7;917;803,78;1077,39;1028,8;864,37;861,05;762,56;971,86;892,96;910,55;807,72;941,49;900,48;987,96;936,93;891,72;881,06;817,9;807,87;919,9;875,93;814,79;863,35;1011,43;995,95;889,94;948,58
Kossi;617,65;634,15;586,35;527,68;608,85;717,28;579,64;719,13;708,65;621,59;683,09;699,12;668,55;928,08;660,17;701,65;703,04;828,22;785,62;617,18;710,73;625,4;868,85;626,92;614,43;756,26;710,09;690,09;761,57;888,04;660,64;884,29;688,48;695,37;923,24;741,25;696,13;811,21;839,1;836,26;741,09;819,47
Koulpélogo;922,84;849,3;751,7;648,13;766,28;754,7;755,23;841,98;948,29;725,69;998,24;841,64;801,85;1098,68;926,84;873,73;801,28;1105,16;1009,08;826,8;818,92;685,84;971,43;926,57;915,46;829,63;961,22;894,18;1007,4;971,64;917,38;903,82;862,65;802,37;958,38;896,05;815,7;908,77;1044,99;1026,15;913,23;933,39
Kouritenga;763,95;679,62;681,47;563,94;627,38;683,22;660,37;753,4;862,37;607,01;764,95;764,07;699,96;1051,18;734,36;740,91;579,31;796,03;794,37;619;658,73;665,13;804,36;709,06;820,47;680,35;741,96;819,73;871,56;843,37;733,95;819,81;753,65;765,56;810,85;865,88;707,18;747,33;922,47;850,23;866,11;849,62
Kourwéogo;604,7;593,08;614,77;517,51;622,61;726,74;603,63;716,05;675,85;586,62;738,18;704,61;656,97;934,77;722,16;655,31;659,38;720,91;804,99;601,34;677,24;669,82;843,8;616,9;758,56;621,81;668,42;699,86;887,67;796,69;693,79;905,36;694,31;743,61;802,21;879,22;753,65;789,95;778,43;823,53;803,8;882,87
Léraba;1079,55;963,06;790,38;931,64;1016,86;1146,66;965;1156,78;1012,26;1138,7;1067,05;908,59;1026,56;1185,96;1212,61;976,41;1090,47;1217,86;1193,49;1157,28;1019,58;1030,45;1297,8;994,85;900,79;1080,32;1069,32;1041,3;992,33;1187,01;960,25;1064,76;1025,58;1141,51;1004,4;1085,76;873,23;1228,62;1098,18;1152,86;1143,26;1109,64
Loroum;366,57;381,03;453,54;307,09;388,3;448,92;391,98;547,72;457,68;368,22;560,71;531,81;471,62;677,57;492,45;496,03;499,16;577,26;550,93;472,14;495,6;454,58;584,48;449,66;533,32;508,59;573,72;550,28;656,81;605,44;541,16;723,3;504,72;585,29;652,88;626,16;614,31;685,76;567,92;615,93;483,61;613,82
Mou Houn;759,24;666,77;630,68;644,17;747,48;762,6;723,3;799,41;738,8;694,3;797,74;799,93;717,4;1074,33;681,07;818;798,68;805,9;950,17;690,43;798,21;680,08;916,75;652,71;701,67;850,91;792,84;765,99;862,13;969,69;718,43;985,18;830,63;797,29;1036,62;840,95;758,66;950,34;991,41;917,32;892,98;977,67
Nahouri;752,84;887,93;717,54;738,27;870,23;967,2;922,29;905,47;1078,13;764,39;1027,92;878,91;912,92;1156,73;906,06;1027,17;860,35;976,77;1047,63;823,01;847,53;852,35;1094,74;912,95;889,31;872,91;993,46;900,58;1038,29;1100,82;909,98;1075,14;837,18;894,38;958,58;1068,65;840,09;1025,52;1098,15;1061,97;1001;998,11
Namentenga;633,59;533,6;480,89;431,79;506,93;490,92;472,33;637,71;563,28;497,44;612,18;579,52;524,1;772,46;621;546,87;503,48;675,24;621,64;479,41;559,92;588,47;757,28;502,68;688,72;544,06;579,28;626,72;646,03;639,71;606,71;705,37;583,81;628,56;683,65;696,52;582,36;663,71;677,8;759,72;657,6;656,65
Nayala;693,97;577,43;546,18;528,39;638,22;698,51;601,33;742,23;741,49;594,02;685,65;707,47;584,31;1029,61;702,55;728,4;681,2;779,32;914,51;679,55;725,46;627,41;922,41;614,87;620,7;707,21;735,44;672,69;802,65;831,65;660,43;912,41;722;691,36;866,03;793,15;694,22;787,11;854,9;773,97;753,12;881,18
Oubritenga;708,81;602,22;617,62;500;612,67;706,09;601,86;738,4;696,14;592,98;710,04;708,15;620,14;855,41;678,4;640,48;592,14;744,46;796,5;610,35;661,28;644,79;814,59;600,95;753,11;602,48;648,08;696,53;811,58;818,75;685,3;877,47;670,09;739,86;789,67;831,86;687,94;775;785,34;806,01;779,76;832,15
Oudalan;329,45;295,47;258,99;188,15;289,92;277,11;223,17;376;369,23;300,9;441,62;336,83;292,9;451,87;327,54;295,29;355,94;461,62;416,28;324,43;386,85;366,49;517,72;264,06;471,58;343,23;375,49;301,65;347,18;403,52;421,11;539,34;375,72;365,25;445,59;393,9;404,39;486,87;405,36;501,15;324,78;402,5
Passoré;639,18;543,5;564,14;483,25;572,66;626,61;545,77;719,4;658,62;540,06;700,02;677,86;566,03;928,58;628,8;657,09;642,24;703,5;769,7;589,92;669,84;581,79;800,53;580,91;651,6;593,92;662,06;664,37;803,35;759,34;637,78;856,73;663,8;693,23;773,58;826,84;701,9;765,64;741,61;759,4;711,98;862,56
Poni;862,41;964,86;731,08;971,82;1104,01;1044,2;1123,49;1008,92;1180,68;1023,75;1136,6;881,43;1022,03;1033,5;1133,22;1085,18;1051,2;978,96;1173,98;1047,91;951,92;985,15;1241,48;1019,59;950,21;1107,15;904,34;1055,15;1087,13;1145;990,29;1128,41;921,09;1065,58;1056,65;1066,08;825,78;1235,22;1230,89;1005,8;1299,94;1102,66
Sanguié;774,6;635,76;621,51;659,42;665,76;763,52;719,58;838,21;764,87;658,98;833,33;787,73;660,32;1013,17;760,7;793,71;727,02;776,15;964,93;684,61;732,4;643,29;916,49;658,84;729,74;721,74;749,5;770,14;913,88;842,59;702,68;979,34;802,2;815,26;866,19;873,74;787,15;849,2;917,67;847,03;863,28;984,74
Sanmatenga;661,5;518,41;510,98;425,7;502,52;531,27;484,18;679,03;575,39;498,68;612,35;561,34;544,6;806,26;591,79;540,82;508,08;652,97;652,37;535,51;565,83;585,29;768,93;502,84;658,77;532,07;551,2;626,27;681,88;681,97;624,8;748,74;548,34;626,32;674,84;706,34;598,78;687,4;682,97;715,48;619,98;673,36
Séno;466,87;424,75;340,41;311,22;419,69;345,69;286,68;508,09;468,9;416,34;512,64;450,49;363,16;569,58;442,23;394,31;432,83;532,69;477,64;378,67;419,08;444,98;659,57;355,06;560,8;394,35;483,89;478,15;428,89;470,88;465,66;586,08;481,37;477,12;560,68;509,1;490,16;568,44;544,73;669,92;481,43;489,1
Sissili;823,09;971,58;684,26;768,68;831,56;975,2;910,62;864,48;958,43;744,98;985,29;763,08;903,22;1127,38;936,74;945,88;915,17;963,51;1115,53;811,61;898,63;829,62;1065,95;902,67;863,13;887,59;919,97;932,67;971,22;1010,75;814,89;1068,17;895,09;963,32;1006,76;1011,76;819,71;1054,48;1107,93;1020,21;1039,29;1126,18
Soum;407,24;320,64;369,69;235,21;315,03;328,91;320,28;433,79;386,29;323,04;486,07;392,97;379,12;569,67;400,48;376,19;426,88;551,44;510,11;398,26;434,47;415,28;563,42;364,02;516,01;434,65;459,6;384,19;475,25;472,02;485,92;594,7;444,05;468,98;520,13;466,9;506,11;570,76;463,08;535,92;394,36;497,91
Sourou;575,17;505,28;472,38;452,5;551,75;606,93;513,2;663,49;634,03;493,73;606;661,01;561,37;904,18;599,77;659,84;622,61;712,01;775,08;589,03;620,3;551,11;761,94;538,79;553,6;628,48;680,93;633,9;699,56;779,74;600,41;803,41;672,86;635,99;795,74;733,85;639,38;721,58;740;706,01;674,81;763,5
Tapoa;750,95;716,17;624,28;591,06;678,39;757,04;709,76;936,98;786,04;710,13;743,2;782,92;687,41;1134,05;730,81;772,21;697,4;820,91;1025,65;753,08;784,09;785,58;867,7;810,24;898,92;739,17;848,78;815,68;806,24;820,49;726,05;809,11;761,25;752,94;824,93;792,41;828,5;812,6;879,85;979,47;834,55;897,29
Tuy;886,61;803,46;720,52;799,07;910,45;921,01;864,82;980,77;860,39;821,55;912,88;847,27;835,5;1085,31;801,23;912,43;915,55;903,26;1103,48;853,52;891,31;819,98;1002,84;713,7;770,61;978,12;848,98;950,26;949,91;1116,94;798,37;1026,68;956,04;1059,61;1128,27;1002,42;804,33;1111,22;1128,95;1048,79;1056,33;1130,59
Yagha;561;494,44;403,48;417,7;505,9;450,28;406,71;652,71;547,52;494,46;534,53;544,6;458,53;709,07;527,4;505,55;472,89;649,19;602,95;472,92;524,45;536,58;728,97;482,46;645,79;491,74;566,96;602,17;524,32;586,88;494,21;646,81;592,52;541,53;664,26;611,34;549,28;580,54;593,85;799,02;572,67;638,84
Yatenga;537,2;442,45;493;390,73;476,13;541,37;480,38;653,59;569,05;458,97;637,23;641,3;560,82;800,71;562,56;617,55;563,77;677,56;646,78;537,65;576,63;542,07;679,39;529,67;576,71;573,98;673,43;657,38;719,84;746,5;609,22;803,27;602,03;638,26;744,95;747,61;675,82;754,8;685,15;692,49;597,4;708,61
Ziro;698,79;894,32;701,13;731,98;750,67;902,26;814,97;860,97;891,12;667,83;953,37;801,36;855,64;1153,44;932,22;891,83;839,7;950,69;1043,62;771,43;878,53;775,19;949,48;857,23;866,72;790,47;909,04;872,8;1028,91;963,96;796,88;1032,59;870,49;964,74;992,69;1020,27;853,59;988,58;1058,55;982,41;1017,86;1064,87
Zondoma;604;529,11;538,47;483,01;566,24;590,13;481,53;692,91;661,44;504,4;650,38;674,36;571,1;922,54;586,21;667,19;635,97;714,68;748,93;583,59;672,02;550,07;763,44;598,57;593,76;606,9;683,82;677,13;765;781,84;631,13;840,2;673,14;673,83;783,9;780,03;694,47;772,7;742,57;744,87;656,9;837,53
Zoundwéogo;802,37;778,33;690,24;672,51;753,71;825,43;792,26;805,43;1007,57;677,88;965,72;844,35;810,26;1117,48;840,54;896,54;773,66;928,26;928,72;730,95;743,76;755,53;988,84;833,29;852,26;800,02;910,19;848,19;989,64;1023,06;846,47;985,32;814,1;842;954;979,41;783,61;939,69;1029,19;973,05;926,27;929,25
